{
  "GroundSegments": [
    {
      "x": 0,
      "y": 440,
      "width": 1500,
      "height": 50
    },
    {
      "x": 4550,
      "y": 440,
      "width": 1500,
      "height": 50
    },
    {
      "x": 9100,
      "y": 440,
      "width": 1500,
      "height": 50
    },
    {
      "x": 13650,
      "y": 440,
      "width": 1500,
      "height": 50
    },
    {
      "x": 18200,
      "y": 440,
      "width": 1500,
      "height": 50
    },
    {
      "x": 22750,
      "y": 440,
      "width": 1500,
      "height": 50
    }
  ],
  "platforms": [
    {
      "x": 1400,
      "y": 436,
      "w": 250,
      "h": 20
    },
    {
      "x": 2150,
      "y": 401,
      "w": 250,
      "h": 20
    },
    {
      "x": 2900,
      "y": 253.8,
      "w": 250,
      "h": 20
    },
    {
      "x": 3650,
      "y": 209.3,
      "w": 250,
      "h": 20
    },
    {
      "x": 4400,
      "y": 345.6,
      "w": 250,
      "h": 20
    },
    {
      "x": 5950,
      "y": 346.1,
      "w": 250,
      "h": 20
    },
    {
      "x": 6700,
      "y": 263.5,
      "w": 250,
      "h": 20
    },
    {
      "x": 7450,
      "y": 357.4,
      "w": 250,
      "h": 20
    },
    {
      "x": 8200,
      "y": 384.5,
      "w": 250,
      "h": 20
    },
    {
      "x": 8950,
      "y": 410.1,
      "w": 250,
      "h": 20
    },
    {
      "x": 10500,
      "y": 304.5,
      "w": 250,
      "h": 20
    },
    {
      "x": 11250,
      "y": 198,
      "w": 250,
      "h": 20
    },
    {
      "x": 12000,
      "y": 53.4,
      "w": 250,
      "h": 20
    },
    {
      "x": 12750,
      "y": 193.3,
      "w": 250,
      "h": 20
    },
    {
      "x": 13500,
      "y": 35,
      "w": 250,
      "h": 20
    },
    {
      "x": 15050,
      "y": 377.8,
      "w": 250,
      "h": 20
    },
    {
      "x": 15800,
      "y": 439.3,
      "w": 250,
      "h": 20
    },
    {
      "x": 16550,
      "y": 413.3,
      "w": 250,
      "h": 20
    },
    {
      "x": 17300,
      "y": 327.6,
      "w": 250,
      "h": 20
    },
    {
      "x": 18050,
      "y": 348.2,
      "w": 250,
      "h": 20
    },
    {
      "x": 19600,
      "y": 422.7,
      "w": 250,
      "h": 20
    },
    {
      "x": 20350,
      "y": 285.3,
      "w": 250,
      "h": 20
    },
    {
      "x": 21100,
      "y": 203.7,
      "w": 250,
      "h": 20
    },
    {
      "x": 21850,
      "y": 28.2,
      "w": 250,
      "h": 20
    },
    {
      "x": 22600,
      "y": 107.2,
      "w": 250,
      "h": 20
    }
  ]
}