{
  "GroundSegments": [
    {
      "x": 0,
      "y": 440,
      "width": 1500,
      "height": 50
    },
    {
      "x": 4765,
      "y": 440,
      "width": 1500,
      "height": 50
    },
    {
      "x": 9530,
      "y": 440,
      "width": 1500,
      "height": 50
    },
    {
      "x": 14295,
      "y": 440,
      "width": 1500,
      "height": 50
    },
    {
      "x": 19060,
      "y": 440,
      "width": 1500,
      "height": 50
    },
    {
      "x": 23825,
      "y": 440,
      "width": 1500,
      "height": 50
    }
  ],
  "platforms": [
    {
      "x": 1550,
      "y": 337.7,
      "w": 225,
      "h": 20
    },
    {
      "x": 2285,
      "y": 357.3,
      "w": 225,
      "h": 20
    },
    {
      "x": 3020,
      "y": 207.3,
      "w": 225,
      "h": 20
    },
    {
      "x": 3755,
      "y": 119.9,
      "w": 225,
      "h": 20
    },
    {
      "x": 4490,
      "y": 136.5,
      "w": 225,
      "h": 20
    },
    {
      "x": 6315,
      "y": 387.5,
      "w": 225,
      "h": 20
    },
    {
      "x": 7050,
      "y": 384.3,
      "w": 225,
      "h": 20
    },
    {
      "x": 7785,
      "y": 281,
      "w": 225,
      "h": 20
    },
    {
      "x": 8520,
      "y": 340.8,
      "w": 225,
      "h": 20
    },
    {
      "x": 9255,
      "y": 260.4,
      "w": 225,
      "h": 20
    },
    {
      "x": 11080,
      "y": 361.7,
      "w": 225,
      "h": 20
    },
    {
      "x": 11815,
      "y": 200.1,
      "w": 225,
      "h": 20
    },
    {
      "x": 12550,
      "y": 253.1,
      "w": 225,
      "h": 20
    },
    {
      "x": 13285,
      "y": 124.7,
      "w": 225,
      "h": 20
    },
    {
      "x": 14020,
      "y": 20,
      "w": 225,
      "h": 20
    },
    {
      "x": 15845,
      "y": 336.1,
      "w": 225,
      "h": 20
    },
    {
      "x": 16580,
      "y": 340.6,
      "w": 225,
      "h": 20
    },
    {
      "x": 17315,
      "y": 180.5,
      "w": 225,
      "h": 20
    },
    {
      "x": 18050,
      "y": 343.5,
      "w": 225,
      "h": 20
    },
    {
      "x": 18785,
      "y": 416.7,
      "w": 225,
      "h": 20
    },
    {
      "x": 20610,
      "y": 432.9,
      "w": 225,
      "h": 20
    },
    {
      "x": 21345,
      "y": 320.7,
      "w": 225,
      "h": 20
    },
    {
      "x": 22080,
      "y": 227.6,
      "w": 225,
      "h": 20
    },
    {
      "x": 22815,
      "y": 398.9,
      "w": 225,
      "h": 20
    },
    {
      "x": 23550,
      "y": 379.3,
      "w": 225,
      "h": 20
    }
  ]
}